Model,Accuracy,AROC Score,PR-AUC,Precision,Recall,F1- Score,True Positive,False Positive,False Negative,True Negative,Train Time (s)
Logistic Regression,0.9819,0.9447,0.5653,0.75,0.525,0.6176,21,7,19,1391,0.04
Linear SVM,0.9882,0.978,0.7521,0.8108,0.75,0.7792,30,7,10,1391,0.07
KNN,0.9875,0.9698,0.7484,0.775,0.775,0.775,31,9,9,1389,0.0
Naive Bayes,0.9124,0.9862,0.5257,0.241,1.0,0.3883,40,126,0,1272,0.0
Decision Tree,0.9826,0.9318,0.7804,0.6596,0.775,0.7126,31,16,9,1382,0.03
Random Forest,0.9868,0.996,0.8958,0.8621,0.625,0.7246,25,4,15,1394,0.11
XGBoost,0.991,0.9958,0.8802,0.9091,0.75,0.8219,30,3,10,1395,0.19
Autoencoder,0.9715,0.9929,0.8242,0.4933,0.925,0.6435,37,38,3,1360,0.04
Isolation Forest (IF),0.9631,0.9598,0.4339,0.3556,0.4,0.3765,16,29,24,1369,0.33
Autoencoder + IF (Đề xuất),0.9826,0.9928,0.7894,0.6596,0.775,0.7126,31,16,9,1382,0.53
